id,first_name,last_name,email,gender,ip_address
1,Demetris,Hoston,dhoston0@google.com.br,Male,135.126.89.28
2,Borden,Eppson,beppson1@weather.com,Male,195.224.113.26
3,Christian,Caras,ccaras2@cmu.edu,Male,102.63.121.27
4,Teena,Norley,tnorley3@ehow.com,Female,136.246.69.248
5,Donny,Goodisson,dgoodisson4@posterous.com,Male,112.124.157.16
6,Edith,Hugnet,ehugnet5@adobe.com,Female,241.229.246.124
7,Bryce,Mears,bmears6@51.la,Male,61.239.28.95
8,Flossy,Rudderham,frudderham7@ifeng.com,Female,77.185.207.87
9,Angelique,Milington,amilington8@goo.gl,Female,12.51.137.128
10,Tiphani,Prichard,tprichard9@t-online.de,Female,57.43.126.2
11,Ramsey,Lober,rlobera@sourceforge.net,Male,235.5.25.62
12,Rebecka,Blanko,rblankob@archive.org,Female,86.25.74.58
13,Lillis,MacCarroll,lmaccarrollc@etsy.com,Female,168.214.243.231
14,Maddi,Arrow,marrowd@fastcompany.com,Female,5.55.238.84
15,Mariam,Pickle,mpicklee@answers.com,Female,226.175.44.11
16,Missie,Franken,mfrankenf@google.co.uk,Female,172.74.98.243
17,Massimiliano,Eloi,meloig@utexas.edu,Male,235.46.246.142
18,Allene,Tagg,ataggh@imgur.com,Female,9.100.141.194
19,Chucho,Chapple,cchapplei@privacy.gov.au,Male,186.98.47.0
20,Keith,Rouchy,krouchyj@purevolume.com,Male,172.23.141.46
21,Hatty,Withull,hwithullk@wikipedia.org,,45.34.37.63
22,Silvester,Burniston,sburnistonl@rambler.ru,Male,151.48.179.177
23,Hugh,Antoniou,hantonioum@symantec.com,Male,21.225.90.68
24,Renaldo,Carl,rcarln@joomla.org,Male,0.249.172.24
25,Gayle,Orrey,gorreyo@t-online.de,Female,47.73.29.177
26,Lindsay,Leacock,lleacockp@sciencedirect.com,Male,224.102.57.106
27,Letty,Kett,lkettq@wp.com,Female,136.219.144.6
28,Herbie,Groucock,hgroucockr@ihg.com,Male,119.156.189.91
29,Elisha,Amberson,eambersons@adobe.com,Genderqueer,191.152.129.50
30,Patti,McCook,pmccookt@tiny.cc,Female,76.175.231.164
31,Solomon,Braidman,sbraidmanu@behance.net,Male,30.119.86.20
32,Dominic,Moodey,dmoodeyv@soup.io,Male,167.205.31.101
33,Wendie,Caulier,wcaulierw@irs.gov,Non-binary,38.103.193.57
34,Clayson,Maryska,cmaryskax@hexun.com,Male,93.6.48.39
35,Jule,Halcro,jhalcroy@stanford.edu,Male,211.170.185.7
36,Erin,Gadd,egaddz@illinois.edu,Female,103.87.219.203
37,Heddie,Parlor,hparlor10@arizona.edu,Female,51.166.210.79
38,Johan,Kingsley,jkingsley11@ow.ly,Male,229.3.252.152
39,Edin,Urwen,eurwen12@chron.com,,68.80.111.79
40,Timothee,Dugood,,Male,26.147.11.160
41,North,Lingner,nlingner14@msn.com,Male,243.104.232.80
42,Kelci,Colliver,kcolliver15@odnoklassniki.ru,Female,90.62.81.103
43,Hayward,Wilcot,hwilcot16@goodreads.com,Male,100.226.212.122
44,Klara,Dibson,kdibson17@symantec.com,Female,230.30.69.249
45,Nil,Fyndon,nfyndon18@walmart.com,Male,14.11.144.97
46,Ciel,Edards,cedards19@cbsnews.com,Female,54.195.185.48
47,Gibby,Briztman,gbriztman1a@unicef.org,Male,25.200.196.83
48,Stacee,Walrond,swalrond1b@newsvine.com,Male,11.180.251.118
49,Jone,Stolz,jstolz1c@phpbb.com,Male,214.124.139.132
50,Sarah,Edmund,sedmund1d@taobao.com,Female,129.133.148.105
51,Freddi,Bywater,,Female,8.52.44.119
52,Kristy,Osband,kosband1f@marriott.com,Female,180.82.36.157
53,Layne,Macvey,lmacvey1g@homestead.com,Female,165.148.208.88
54,Daveen,Izakov,dizakov1h@scribd.com,,153.246.140.170
55,Sioux,Quinn,squinn1i@mayoclinic.com,Female,199.76.48.7
56,Channa,Leschelle,cleschelle1j@cnn.com,,238.26.93.11
57,Patricia,Brinicombe,pbrinicombe1k@indiegogo.com,,21.160.47.156
58,Moore,Brooking,mbrooking1l@cbc.ca,Male,118.44.220.58
59,Cristy,Czaja,cczaja1m@sakura.ne.jp,Female,204.50.113.219
60,Vivian,Bowman,vbowman1n@illinois.edu,Female,244.16.183.125
61,Zsa zsa,Brinkworth,,Female,177.154.140.115
62,Frank,Donneely,fdonneely1p@dell.com,Female,239.248.107.246
63,Ondrea,Yaus,oyaus1q@php.net,,79.50.211.155
64,Dominick,Wallsworth,dwallsworth1r@simplemachines.org,Male,48.35.36.2
65,Bette-ann,Tomenson,btomenson1s@comcast.net,Female,220.216.198.70
66,Renaldo,Verheijden,rverheijden1t@e-recht24.de,Male,194.10.123.199
67,Ginnie,Budget,gbudget1u@telegraph.co.uk,Genderfluid,224.109.232.194
68,Mahalia,Stevens,mstevens1v@behance.net,Female,205.112.23.94
69,Nobe,Nund,nnund1w@naver.com,Male,61.21.15.60
70,Desmond,Bushell,,Male,24.146.143.142
71,Saw,Blakemore,sblakemore1y@gravatar.com,Male,64.170.174.167
72,Lucilia,Berzins,lberzins1z@washington.edu,Female,183.245.217.2
73,Riannon,Gerren,rgerren20@drupal.org,Female,233.6.35.176
74,Delainey,Baulcombe,dbaulcombe21@vimeo.com,Male,21.0.47.160
75,Koren,Naire,knaire22@infoseek.co.jp,Genderfluid,27.95.216.243
76,Astrid,Ryson,aryson23@linkedin.com,Female,66.188.18.189
77,Doralin,Newsham,dnewsham24@spiegel.de,,208.46.173.224
78,Jacklyn,Newark,jnewark25@drupal.org,Bigender,196.26.59.207
79,Saidee,Scaplehorn,sscaplehorn26@answers.com,Female,120.139.81.146
80,Odo,Dwelley,odwelley27@who.int,Male,22.7.108.190
81,Finley,Prose,fprose28@sfgate.com,Male,38.0.95.205
82,Eugenio,Ash,eash29@nasa.gov,Male,33.171.71.126
83,Analiese,Bradberry,abradberry2a@netvibes.com,Female,172.166.186.69
84,Kamila,Debell,kdebell2b@smugmug.com,Female,23.168.97.253
85,Zacharia,Kaindl,zkaindl2c@senate.gov,Male,174.204.117.104
86,Dorian,Whistan,dwhistan2d@yandex.ru,Male,38.84.27.28
87,Christos,Batchley,cbatchley2e@wordpress.com,Male,234.190.112.212
88,Jacquenette,Cridlan,,Female,198.13.239.200
89,Jacinthe,Jeff,jjeff2g@google.ru,Female,121.218.225.153
90,Fiorenze,Hardwin,fhardwin2h@naver.com,Female,17.213.36.32
91,Christyna,Holbury,cholbury2i@auda.org.au,Female,162.62.83.172
92,Ruben,Pinchback,rpinchback2j@simplemachines.org,Male,151.44.48.86
93,Celia,Bogey,cbogey2k@usa.gov,Female,229.174.56.200
94,Jeanie,Sparshatt,,Female,220.17.20.79
95,Demetri,McCudden,dmccudden2m@opensource.org,Genderqueer,130.193.70.177
96,Tatum,Collerd,tcollerd2n@netlog.com,Female,50.252.158.238
97,Xena,Thew,xthew2o@utexas.edu,Female,25.235.188.76
98,Josy,Tevlin,jtevlin2p@nps.gov,Female,216.35.19.132
99,Myrilla,Darlington,mdarlington2q@acquirethisname.com,Polygender,161.67.208.40
100,Allard,Jakubczyk,ajakubczyk2r@seattletimes.com,Male,79.115.233.75
